{
  "eligibility_rules": {
    "EXP_60": "CI expiră în ≤60 zile sau a expirat recent",
    "AGE_14": "Persoana a împlinit 14 ani (prima CI)",
    "CHANGE": "Schimbare nume/domiciliu/stare civilă",
    "LOSS": "Pierderea, furtul sau deteriorarea CI"
  },
  "doc_kinds": [
    "cert_nastere",
    "ci_veche",
    "stare_civila",
    "dovada_adresa",
    "politie"
  ],
  "fees": {
    "CEI": { "first_free": true, "default": 70 },
    "CIS": { "default": 40 },
    "CIP": { "default": 1 }
  },
  "notes": [
    "Pentru CEI, programările se fac pe HUB MAI (serverul mock 8001).",
    "Pentru CIS/CIP, programările/fluxul se fac local (serverul mock 8002).",
    "Pentru furt se atașează dovada de la poliție.",
    "Dovada adresei: extras CF / contract închiriere / declarație primire în spațiu."
  ]
}
